,mean_abs_shap
Error_Rate_%,3.4663117
Production_Speed_units_per_hr,2.3533745
Error_to_Output_Ratio,1.0822691
Quality_Adjusted_Error,0.17564797
Energy_Efficiency_Ratio,0.15993313
Predictive_Maintenance_Score,0.10232671
Packet_Loss_%,0.090985686
Quality_Control_Defect_Rate_%,0.08679107
Vibration_Hz,0.07830678
Temperature_C,0.07394969
Network_Reliability_Score,0.067402504
Network_Latency_ms,0.06560111
Sensor_Stability_Score,0.063874744
Hour,0.05748242
Power_Consumption_kW,0.055632647
Mode_Idle,0.016156377
Mode_Active,0.008718739
Mode_Maintenance,0.003959954
Is_Weekend,0.0032189128
