,0
Error_to_Output_Ratio,0.44906515
Error_Rate_%,0.30994025
Production_Speed_units_per_hr,0.2219894
Energy_Efficiency_Ratio,0.009500498
Power_Consumption_kW,0.0027686264
Mode_Maintenance,0.00080999796
Quality_Control_Defect_Rate_%,0.00065372756
Network_Latency_ms,0.00059574674
Hour,0.0005052728
Predictive_Maintenance_Score,0.00049282203
Temperature_C,0.0004746761
Is_Weekend,0.00046997902
Packet_Loss_%,0.0004647578
Network_Reliability_Score,0.00045545644
Vibration_Hz,0.00044660486
Mode_Idle,0.00044598605
Sensor_Stability_Score,0.00039781755
Quality_Adjusted_Error,0.0003056567
Mode_Active,0.00021754255
