feature,machines_evaluated,mean_lag1_autocorrelation,median_lag1_autocorrelation,mean_absolute_lag1_autocorrelation
Temperature_C,50,0.0009415824680141734,0.0010783411964776102,0.017446432446395942
Vibration_Hz,50,0.00656961295968977,0.005613802485005625,0.01624486593641878
Power_Consumption_kW,50,0.0034229597824590786,0.003266858447163143,0.01740490177295628
Network_Latency_ms,50,0.000820811769104223,-0.00033091845778769304,0.0190128105624953
Packet_Loss_%,50,0.0016151076449977832,0.0018217201004974664,0.018837010515257768
Quality_Control_Defect_Rate_%,50,0.0003256798944267876,0.003605948771466556,0.01802470420607144
Production_Speed_units_per_hr,50,-0.002509681656898534,0.0006853968668185703,0.01827129244932372
Predictive_Maintenance_Score,50,-0.004948565722185863,-0.006435636479355819,0.0187644076787268
Error_Rate_%,50,0.004930821468435055,0.0022111326907848184,0.018659121519590288
